date,city,sunrise,sunset,sunrise_min,sunset_min,day_duration_hrs,season,month,month_name,day_of_year
2025-01-01,Bengaluru,06:42 AM,06:05 PM,402,1085,11.383333333333333,Winter,1,Jan,1
2025-01-02,Bengaluru,06:42 AM,06:05 PM,402,1085,11.383333333333333,Winter,1,Jan,2
2025-01-03,Bengaluru,06:43 AM,06:06 PM,403,1086,11.383333333333333,Winter,1,Jan,3
2025-01-04,Bengaluru,06:43 AM,06:06 PM,403,1086,11.383333333333333,Winter,1,Jan,4
2025-01-05,Bengaluru,06:43 AM,06:07 PM,403,1087,11.4,Winter,1,Jan,5
2025-01-06,Bengaluru,06:44 AM,06:08 PM,404,1088,11.4,Winter,1,Jan,6
2025-01-07,Bengaluru,06:44 AM,06:08 PM,404,1088,11.4,Winter,1,Jan,7
2025-01-08,Bengaluru,06:44 AM,06:09 PM,404,1089,11.416666666666666,Winter,1,Jan,8
2025-01-09,Bengaluru,06:44 AM,06:09 PM,404,1089,11.416666666666666,Winter,1,Jan,9
2025-01-10,Bengaluru,06:45 AM,06:10 PM,405,1090,11.416666666666666,Winter,1,Jan,10
2025-01-11,Bengaluru,06:45 AM,06:10 PM,405,1090,11.416666666666666,Winter,1,Jan,11
2025-01-12,Bengaluru,06:45 AM,06:11 PM,405,1091,11.433333333333334,Winter,1,Jan,12
2025-01-13,Bengaluru,06:45 AM,06:11 PM,405,1091,11.433333333333334,Winter,1,Jan,13
2025-01-14,Bengaluru,06:46 AM,06:12 PM,406,1092,11.433333333333334,Winter,1,Jan,14
2025-01-15,Bengaluru,06:46 AM,06:13 PM,406,1093,11.45,Winter,1,Jan,15
2025-01-16,Bengaluru,06:46 AM,06:13 PM,406,1093,11.45,Winter,1,Jan,16
2025-01-17,Bengaluru,06:46 AM,06:14 PM,406,1094,11.466666666666667,Winter,1,Jan,17
2025-01-18,Bengaluru,06:46 AM,06:14 PM,406,1094,11.466666666666667,Winter,1,Jan,18
2025-01-19,Bengaluru,06:46 AM,06:15 PM,406,1095,11.483333333333333,Winter,1,Jan,19
2025-01-20,Bengaluru,06:46 AM,06:15 PM,406,1095,11.483333333333333,Winter,1,Jan,20
2025-01-21,Bengaluru,06:46 AM,06:16 PM,406,1096,11.5,Winter,1,Jan,21
2025-01-22,Bengaluru,06:46 AM,06:16 PM,406,1096,11.5,Winter,1,Jan,22
2025-01-23,Bengaluru,06:46 AM,06:17 PM,406,1097,11.516666666666667,Winter,1,Jan,23
2025-01-24,Bengaluru,06:46 AM,06:17 PM,406,1097,11.516666666666667,Winter,1,Jan,24
2025-01-25,Bengaluru,06:46 AM,06:18 PM,406,1098,11.533333333333333,Winter,1,Jan,25
2025-01-26,Bengaluru,06:46 AM,06:18 PM,406,1098,11.533333333333333,Winter,1,Jan,26
2025-01-27,Bengaluru,06:46 AM,06:19 PM,406,1099,11.55,Winter,1,Jan,27
2025-01-28,Bengaluru,06:46 AM,06:19 PM,406,1099,11.55,Winter,1,Jan,28
2025-01-29,Bengaluru,06:46 AM,06:19 PM,406,1099,11.55,Winter,1,Jan,29
2025-01-30,Bengaluru,06:46 AM,06:20 PM,406,1100,11.566666666666666,Winter,1,Jan,30
2025-01-31,Bengaluru,06:46 AM,06:20 PM,406,1100,11.566666666666666,Winter,1,Jan,31
2025-02-01,Bengaluru,06:46 AM,06:21 PM,406,1101,11.583333333333334,Winter,2,Feb,32
2025-02-02,Bengaluru,06:46 AM,06:21 PM,406,1101,11.583333333333334,Winter,2,Feb,33
2025-02-03,Bengaluru,06:46 AM,06:22 PM,406,1102,11.6,Winter,2,Feb,34
2025-02-04,Bengaluru,06:45 AM,06:22 PM,405,1102,11.616666666666667,Winter,2,Feb,35
2025-02-05,Bengaluru,06:45 AM,06:22 PM,405,1102,11.616666666666667,Winter,2,Feb,36
2025-02-06,Bengaluru,06:45 AM,06:23 PM,405,1103,11.633333333333333,Winter,2,Feb,37
2025-02-07,Bengaluru,06:45 AM,06:23 PM,405,1103,11.633333333333333,Winter,2,Feb,38
2025-02-08,Bengaluru,06:44 AM,06:23 PM,404,1103,11.65,Winter,2,Feb,39
2025-02-09,Bengaluru,06:44 AM,06:24 PM,404,1104,11.666666666666666,Winter,2,Feb,40
2025-02-10,Bengaluru,06:44 AM,06:24 PM,404,1104,11.666666666666666,Winter,2,Feb,41
2025-02-11,Bengaluru,06:43 AM,06:24 PM,403,1104,11.683333333333334,Winter,2,Feb,42
2025-02-12,Bengaluru,06:43 AM,06:25 PM,403,1105,11.7,Winter,2,Feb,43
2025-02-13,Bengaluru,06:43 AM,06:25 PM,403,1105,11.7,Winter,2,Feb,44
2025-02-14,Bengaluru,06:42 AM,06:25 PM,402,1105,11.716666666666667,Winter,2,Feb,45
2025-02-15,Bengaluru,06:42 AM,06:26 PM,402,1106,11.733333333333333,Winter,2,Feb,46
2025-02-16,Bengaluru,06:42 AM,06:26 PM,402,1106,11.733333333333333,Winter,2,Feb,47
2025-02-17,Bengaluru,06:41 AM,06:26 PM,401,1106,11.75,Winter,2,Feb,48
2025-02-18,Bengaluru,06:41 AM,06:26 PM,401,1106,11.75,Winter,2,Feb,49
2025-02-19,Bengaluru,06:40 AM,06:27 PM,400,1107,11.783333333333333,Winter,2,Feb,50
2025-02-20,Bengaluru,06:40 AM,06:27 PM,400,1107,11.783333333333333,Winter,2,Feb,51
2025-02-21,Bengaluru,06:40 AM,06:27 PM,400,1107,11.783333333333333,Winter,2,Feb,52
2025-02-22,Bengaluru,06:39 AM,06:27 PM,399,1107,11.8,Winter,2,Feb,53
2025-02-23,Bengaluru,06:39 AM,06:27 PM,399,1107,11.8,Winter,2,Feb,54
2025-02-24,Bengaluru,06:38 AM,06:28 PM,398,1108,11.833333333333334,Winter,2,Feb,55
2025-02-25,Bengaluru,06:38 AM,06:28 PM,398,1108,11.833333333333334,Winter,2,Feb,56
2025-02-26,Bengaluru,06:37 AM,06:28 PM,397,1108,11.85,Winter,2,Feb,57
2025-02-27,Bengaluru,06:37 AM,06:28 PM,397,1108,11.85,Winter,2,Feb,58
2025-02-28,Bengaluru,06:36 AM,06:28 PM,396,1108,11.866666666666667,Winter,2,Feb,59
2025-03-01,Bengaluru,06:35 AM,06:28 PM,395,1108,11.883333333333333,Summer,3,Mar,60
2025-03-02,Bengaluru,06:35 AM,06:29 PM,395,1109,11.9,Summer,3,Mar,61
2025-03-03,Bengaluru,06:34 AM,06:29 PM,394,1109,11.916666666666666,Summer,3,Mar,62
2025-03-04,Bengaluru,06:34 AM,06:29 PM,394,1109,11.916666666666666,Summer,3,Mar,63
2025-03-05,Bengaluru,06:33 AM,06:29 PM,393,1109,11.933333333333334,Summer,3,Mar,64
2025-03-06,Bengaluru,06:33 AM,06:29 PM,393,1109,11.933333333333334,Summer,3,Mar,65
2025-03-07,Bengaluru,06:32 AM,06:29 PM,392,1109,11.95,Summer,3,Mar,66
2025-03-08,Bengaluru,06:31 AM,06:29 PM,391,1109,11.966666666666667,Summer,3,Mar,67
2025-03-09,Bengaluru,06:31 AM,06:29 PM,391,1109,11.966666666666667,Summer,3,Mar,68
2025-03-10,Bengaluru,06:30 AM,06:30 PM,390,1110,12.0,Summer,3,Mar,69
2025-03-11,Bengaluru,06:30 AM,06:30 PM,390,1110,12.0,Summer,3,Mar,70
2025-03-12,Bengaluru,06:29 AM,06:30 PM,389,1110,12.016666666666667,Summer,3,Mar,71
2025-03-13,Bengaluru,06:28 AM,06:30 PM,388,1110,12.033333333333333,Summer,3,Mar,72
2025-03-14,Bengaluru,06:28 AM,06:30 PM,388,1110,12.033333333333333,Summer,3,Mar,73
2025-03-15,Bengaluru,06:27 AM,06:30 PM,387,1110,12.05,Summer,3,Mar,74
2025-03-16,Bengaluru,06:26 AM,06:30 PM,386,1110,12.066666666666666,Summer,3,Mar,75
2025-03-17,Bengaluru,06:26 AM,06:30 PM,386,1110,12.066666666666666,Summer,3,Mar,76
2025-03-18,Bengaluru,06:25 AM,06:30 PM,385,1110,12.083333333333334,Summer,3,Mar,77
2025-03-19,Bengaluru,06:24 AM,06:30 PM,384,1110,12.1,Summer,3,Mar,78
2025-03-20,Bengaluru,06:24 AM,06:30 PM,384,1110,12.1,Summer,3,Mar,79
2025-03-21,Bengaluru,06:23 AM,06:30 PM,383,1110,12.116666666666667,Summer,3,Mar,80
2025-03-22,Bengaluru,06:22 AM,06:31 PM,382,1111,12.15,Summer,3,Mar,81
2025-03-23,Bengaluru,06:22 AM,06:31 PM,382,1111,12.15,Summer,3,Mar,82
2025-03-24,Bengaluru,06:21 AM,06:31 PM,381,1111,12.166666666666666,Summer,3,Mar,83
2025-03-25,Bengaluru,06:20 AM,06:31 PM,380,1111,12.183333333333334,Summer,3,Mar,84
2025-03-26,Bengaluru,06:20 AM,06:31 PM,380,1111,12.183333333333334,Summer,3,Mar,85
2025-03-27,Bengaluru,06:19 AM,06:31 PM,379,1111,12.2,Summer,3,Mar,86
2025-03-28,Bengaluru,06:18 AM,06:31 PM,378,1111,12.216666666666667,Summer,3,Mar,87
2025-03-29,Bengaluru,06:18 AM,06:31 PM,378,1111,12.216666666666667,Summer,3,Mar,88
2025-03-30,Bengaluru,06:17 AM,06:31 PM,377,1111,12.233333333333333,Summer,3,Mar,89
2025-03-31,Bengaluru,06:16 AM,06:31 PM,376,1111,12.25,Summer,3,Mar,90
2025-04-01,Bengaluru,06:16 AM,06:31 PM,376,1111,12.25,Summer,4,Apr,91
2025-04-02,Bengaluru,06:15 AM,06:31 PM,375,1111,12.266666666666667,Summer,4,Apr,92
2025-04-03,Bengaluru,06:15 AM,06:31 PM,375,1111,12.266666666666667,Summer,4,Apr,93
2025-04-04,Bengaluru,06:14 AM,06:31 PM,374,1111,12.283333333333333,Summer,4,Apr,94
2025-04-05,Bengaluru,06:13 AM,06:31 PM,373,1111,12.3,Summer,4,Apr,95
2025-04-06,Bengaluru,06:13 AM,06:31 PM,373,1111,12.3,Summer,4,Apr,96
2025-04-07,Bengaluru,06:12 AM,06:32 PM,372,1112,12.333333333333334,Summer,4,Apr,97
2025-04-08,Bengaluru,06:11 AM,06:32 PM,371,1112,12.35,Summer,4,Apr,98
2025-04-09,Bengaluru,06:11 AM,06:32 PM,371,1112,12.35,Summer,4,Apr,99
2025-04-10,Bengaluru,06:10 AM,06:32 PM,370,1112,12.366666666666667,Summer,4,Apr,100
2025-04-11,Bengaluru,06:09 AM,06:32 PM,369,1112,12.383333333333333,Summer,4,Apr,101
2025-04-12,Bengaluru,06:09 AM,06:32 PM,369,1112,12.383333333333333,Summer,4,Apr,102
2025-04-13,Bengaluru,06:08 AM,06:32 PM,368,1112,12.4,Summer,4,Apr,103
2025-04-14,Bengaluru,06:08 AM,06:32 PM,368,1112,12.4,Summer,4,Apr,104
2025-04-15,Bengaluru,06:07 AM,06:32 PM,367,1112,12.416666666666666,Summer,4,Apr,105
2025-04-16,Bengaluru,06:06 AM,06:32 PM,366,1112,12.433333333333334,Summer,4,Apr,106
2025-04-17,Bengaluru,06:06 AM,06:33 PM,366,1113,12.45,Summer,4,Apr,107
2025-04-18,Bengaluru,06:05 AM,06:33 PM,365,1113,12.466666666666667,Summer,4,Apr,108
2025-04-19,Bengaluru,06:05 AM,06:33 PM,365,1113,12.466666666666667,Summer,4,Apr,109
2025-04-20,Bengaluru,06:04 AM,06:33 PM,364,1113,12.483333333333333,Summer,4,Apr,110
2025-04-21,Bengaluru,06:04 AM,06:33 PM,364,1113,12.483333333333333,Summer,4,Apr,111
2025-04-22,Bengaluru,06:03 AM,06:33 PM,363,1113,12.5,Summer,4,Apr,112
2025-04-23,Bengaluru,06:03 AM,06:33 PM,363,1113,12.5,Summer,4,Apr,113
2025-04-24,Bengaluru,06:02 AM,06:33 PM,362,1113,12.516666666666667,Summer,4,Apr,114
2025-04-25,Bengaluru,06:02 AM,06:34 PM,362,1114,12.533333333333333,Summer,4,Apr,115
2025-04-26,Bengaluru,06:01 AM,06:34 PM,361,1114,12.55,Summer,4,Apr,116
2025-04-27,Bengaluru,06:01 AM,06:34 PM,361,1114,12.55,Summer,4,Apr,117
2025-04-28,Bengaluru,06:00 AM,06:34 PM,360,1114,12.566666666666666,Summer,4,Apr,118
2025-04-29,Bengaluru,06:00 AM,06:34 PM,360,1114,12.566666666666666,Summer,4,Apr,119
2025-04-30,Bengaluru,05:59 AM,06:34 PM,359,1114,12.583333333333334,Summer,4,Apr,120
2025-05-01,Bengaluru,05:59 AM,06:35 PM,359,1115,12.6,Summer,5,May,121
2025-05-02,Bengaluru,05:59 AM,06:35 PM,359,1115,12.6,Summer,5,May,122
2025-05-03,Bengaluru,05:58 AM,06:35 PM,358,1115,12.616666666666667,Summer,5,May,123
2025-05-04,Bengaluru,05:58 AM,06:35 PM,358,1115,12.616666666666667,Summer,5,May,124
2025-05-05,Bengaluru,05:57 AM,06:35 PM,357,1115,12.633333333333333,Summer,5,May,125
2025-05-06,Bengaluru,05:57 AM,06:36 PM,357,1116,12.65,Summer,5,May,126
2025-05-07,Bengaluru,05:57 AM,06:36 PM,357,1116,12.65,Summer,5,May,127
2025-05-08,Bengaluru,05:56 AM,06:36 PM,356,1116,12.666666666666666,Summer,5,May,128
2025-05-09,Bengaluru,05:56 AM,06:36 PM,356,1116,12.666666666666666,Summer,5,May,129
2025-05-10,Bengaluru,05:56 AM,06:37 PM,356,1117,12.683333333333334,Summer,5,May,130
2025-05-11,Bengaluru,05:55 AM,06:37 PM,355,1117,12.7,Summer,5,May,131
2025-05-12,Bengaluru,05:55 AM,06:37 PM,355,1117,12.7,Summer,5,May,132
2025-05-13,Bengaluru,05:55 AM,06:37 PM,355,1117,12.7,Summer,5,May,133
2025-05-14,Bengaluru,05:55 AM,06:38 PM,355,1118,12.716666666666667,Summer,5,May,134
2025-05-15,Bengaluru,05:54 AM,06:38 PM,354,1118,12.733333333333333,Summer,5,May,135
2025-05-16,Bengaluru,05:54 AM,06:38 PM,354,1118,12.733333333333333,Summer,5,May,136
2025-05-17,Bengaluru,05:54 AM,06:38 PM,354,1118,12.733333333333333,Summer,5,May,137
2025-05-18,Bengaluru,05:54 AM,06:39 PM,354,1119,12.75,Summer,5,May,138
2025-05-19,Bengaluru,05:53 AM,06:39 PM,353,1119,12.766666666666667,Summer,5,May,139
2025-05-20,Bengaluru,05:53 AM,06:39 PM,353,1119,12.766666666666667,Summer,5,May,140
2025-05-21,Bengaluru,05:53 AM,06:39 PM,353,1119,12.766666666666667,Summer,5,May,141
2025-05-22,Bengaluru,05:53 AM,06:40 PM,353,1120,12.783333333333333,Summer,5,May,142
2025-05-23,Bengaluru,05:53 AM,06:40 PM,353,1120,12.783333333333333,Summer,5,May,143
2025-05-24,Bengaluru,05:53 AM,06:40 PM,353,1120,12.783333333333333,Summer,5,May,144
2025-05-25,Bengaluru,05:53 AM,06:41 PM,353,1121,12.8,Summer,5,May,145
2025-05-26,Bengaluru,05:53 AM,06:41 PM,353,1121,12.8,Summer,5,May,146
2025-05-27,Bengaluru,05:53 AM,06:41 PM,353,1121,12.8,Summer,5,May,147
2025-05-28,Bengaluru,05:52 AM,06:42 PM,352,1122,12.833333333333334,Summer,5,May,148
2025-05-29,Bengaluru,05:52 AM,06:42 PM,352,1122,12.833333333333334,Summer,5,May,149
2025-05-30,Bengaluru,05:52 AM,06:42 PM,352,1122,12.833333333333334,Summer,5,May,150
2025-05-31,Bengaluru,05:52 AM,06:42 PM,352,1122,12.833333333333334,Summer,5,May,151
2025-06-01,Bengaluru,05:52 AM,06:43 PM,352,1123,12.85,Rainy,6,Jun,152
2025-06-02,Bengaluru,05:52 AM,06:43 PM,352,1123,12.85,Rainy,6,Jun,153
2025-06-03,Bengaluru,05:52 AM,06:43 PM,352,1123,12.85,Rainy,6,Jun,154
2025-06-04,Bengaluru,05:52 AM,06:44 PM,352,1124,12.866666666666667,Rainy,6,Jun,155
2025-06-05,Bengaluru,05:52 AM,06:44 PM,352,1124,12.866666666666667,Rainy,6,Jun,156
2025-06-06,Bengaluru,05:53 AM,06:44 PM,353,1124,12.85,Rainy,6,Jun,157
2025-06-07,Bengaluru,05:53 AM,06:45 PM,353,1125,12.866666666666667,Rainy,6,Jun,158
2025-06-08,Bengaluru,05:53 AM,06:45 PM,353,1125,12.866666666666667,Rainy,6,Jun,159
2025-06-09,Bengaluru,05:53 AM,06:45 PM,353,1125,12.866666666666667,Rainy,6,Jun,160
2025-06-10,Bengaluru,05:53 AM,06:45 PM,353,1125,12.866666666666667,Rainy,6,Jun,161
2025-06-11,Bengaluru,05:53 AM,06:46 PM,353,1126,12.883333333333333,Rainy,6,Jun,162
2025-06-12,Bengaluru,05:53 AM,06:46 PM,353,1126,12.883333333333333,Rainy,6,Jun,163
2025-06-13,Bengaluru,05:53 AM,06:46 PM,353,1126,12.883333333333333,Rainy,6,Jun,164
2025-06-14,Bengaluru,05:53 AM,06:47 PM,353,1127,12.9,Rainy,6,Jun,165
2025-06-15,Bengaluru,05:54 AM,06:47 PM,354,1127,12.883333333333333,Rainy,6,Jun,166
2025-06-16,Bengaluru,05:54 AM,06:47 PM,354,1127,12.883333333333333,Rainy,6,Jun,167
2025-06-17,Bengaluru,05:54 AM,06:47 PM,354,1127,12.883333333333333,Rainy,6,Jun,168
2025-06-18,Bengaluru,05:54 AM,06:48 PM,354,1128,12.9,Rainy,6,Jun,169
2025-06-19,Bengaluru,05:54 AM,06:48 PM,354,1128,12.9,Rainy,6,Jun,170
2025-06-20,Bengaluru,05:55 AM,06:48 PM,355,1128,12.883333333333333,Rainy,6,Jun,171
2025-06-21,Bengaluru,05:55 AM,06:48 PM,355,1128,12.883333333333333,Rainy,6,Jun,172
2025-06-22,Bengaluru,05:55 AM,06:48 PM,355,1128,12.883333333333333,Rainy,6,Jun,173
2025-06-23,Bengaluru,05:55 AM,06:49 PM,355,1129,12.9,Rainy,6,Jun,174
2025-06-24,Bengaluru,05:55 AM,06:49 PM,355,1129,12.9,Rainy,6,Jun,175
2025-06-25,Bengaluru,05:56 AM,06:49 PM,356,1129,12.883333333333333,Rainy,6,Jun,176
2025-06-26,Bengaluru,05:56 AM,06:49 PM,356,1129,12.883333333333333,Rainy,6,Jun,177
2025-06-27,Bengaluru,05:56 AM,06:49 PM,356,1129,12.883333333333333,Rainy,6,Jun,178
2025-06-28,Bengaluru,05:56 AM,06:49 PM,356,1129,12.883333333333333,Rainy,6,Jun,179
2025-06-29,Bengaluru,05:57 AM,06:50 PM,357,1130,12.883333333333333,Rainy,6,Jun,180
2025-06-30,Bengaluru,05:57 AM,06:50 PM,357,1130,12.883333333333333,Rainy,6,Jun,181
2025-07-01,Bengaluru,05:57 AM,06:50 PM,357,1130,12.883333333333333,Rainy,7,Jul,182
2025-07-02,Bengaluru,05:57 AM,06:50 PM,357,1130,12.883333333333333,Rainy,7,Jul,183
2025-07-03,Bengaluru,05:58 AM,06:50 PM,358,1130,12.866666666666667,Rainy,7,Jul,184
2025-07-04,Bengaluru,05:58 AM,06:50 PM,358,1130,12.866666666666667,Rainy,7,Jul,185
2025-07-05,Bengaluru,05:58 AM,06:50 PM,358,1130,12.866666666666667,Rainy,7,Jul,186
2025-07-06,Bengaluru,05:59 AM,06:50 PM,359,1130,12.85,Rainy,7,Jul,187
2025-07-07,Bengaluru,05:59 AM,06:50 PM,359,1130,12.85,Rainy,7,Jul,188
2025-07-08,Bengaluru,05:59 AM,06:50 PM,359,1130,12.85,Rainy,7,Jul,189
2025-07-09,Bengaluru,05:59 AM,06:50 PM,359,1130,12.85,Rainy,7,Jul,190
2025-07-10,Bengaluru,06:00 AM,06:50 PM,360,1130,12.833333333333334,Rainy,7,Jul,191
2025-07-11,Bengaluru,06:00 AM,06:50 PM,360,1130,12.833333333333334,Rainy,7,Jul,192
2025-07-12,Bengaluru,06:00 AM,06:50 PM,360,1130,12.833333333333334,Rainy,7,Jul,193
2025-07-13,Bengaluru,06:01 AM,06:50 PM,361,1130,12.816666666666666,Rainy,7,Jul,194
2025-07-14,Bengaluru,06:01 AM,06:50 PM,361,1130,12.816666666666666,Rainy,7,Jul,195
2025-07-15,Bengaluru,06:01 AM,06:50 PM,361,1130,12.816666666666666,Rainy,7,Jul,196
2025-07-16,Bengaluru,06:01 AM,06:50 PM,361,1130,12.816666666666666,Rainy,7,Jul,197
2025-07-17,Bengaluru,06:02 AM,06:50 PM,362,1130,12.8,Rainy,7,Jul,198
2025-07-18,Bengaluru,06:02 AM,06:50 PM,362,1130,12.8,Rainy,7,Jul,199
2025-07-19,Bengaluru,06:02 AM,06:50 PM,362,1130,12.8,Rainy,7,Jul,200
2025-10-06,Bengaluru,06:09 AM,06:06 PM,369,1086,11.95,Autumn,10,Oct,279
2025-10-07,Bengaluru,06:09 AM,06:05 PM,369,1085,11.933333333333334,Autumn,10,Oct,280
2025-10-08,Bengaluru,06:09 AM,06:05 PM,369,1085,11.933333333333334,Autumn,10,Oct,281
2025-10-09,Bengaluru,06:09 AM,06:04 PM,369,1084,11.916666666666666,Autumn,10,Oct,282
2025-10-10,Bengaluru,06:09 AM,06:04 PM,369,1084,11.916666666666666,Autumn,10,Oct,283
2025-10-11,Bengaluru,06:09 AM,06:03 PM,369,1083,11.9,Autumn,10,Oct,284
2025-10-12,Bengaluru,06:10 AM,06:02 PM,370,1082,11.866666666666667,Autumn,10,Oct,285
2025-10-13,Bengaluru,06:10 AM,06:02 PM,370,1082,11.866666666666667,Autumn,10,Oct,286
2025-10-14,Bengaluru,06:10 AM,06:01 PM,370,1081,11.85,Autumn,10,Oct,287
2025-10-15,Bengaluru,06:10 AM,06:01 PM,370,1081,11.85,Autumn,10,Oct,288
2025-10-16,Bengaluru,06:10 AM,06:00 PM,370,1080,11.833333333333334,Autumn,10,Oct,289
2025-10-17,Bengaluru,06:10 AM,06:00 PM,370,1080,11.833333333333334,Autumn,10,Oct,290
2025-10-18,Bengaluru,06:10 AM,05:59 PM,370,1079,11.816666666666666,Autumn,10,Oct,291
2025-10-19,Bengaluru,06:10 AM,05:58 PM,370,1078,11.8,Autumn,10,Oct,292
2025-10-20,Bengaluru,06:11 AM,05:58 PM,371,1078,11.783333333333333,Autumn,10,Oct,293
2025-10-21,Bengaluru,06:11 AM,05:57 PM,371,1077,11.766666666666667,Autumn,10,Oct,294
2025-10-22,Bengaluru,06:11 AM,05:57 PM,371,1077,11.766666666666667,Autumn,10,Oct,295
2025-10-23,Bengaluru,06:11 AM,05:57 PM,371,1077,11.766666666666667,Autumn,10,Oct,296
2025-10-24,Bengaluru,06:11 AM,05:56 PM,371,1076,11.75,Autumn,10,Oct,297
2025-10-25,Bengaluru,06:11 AM,05:56 PM,371,1076,11.75,Autumn,10,Oct,298
2025-10-26,Bengaluru,06:12 AM,05:55 PM,372,1075,11.716666666666667,Autumn,10,Oct,299
2025-10-27,Bengaluru,06:12 AM,05:55 PM,372,1075,11.716666666666667,Autumn,10,Oct,300
